{
  "resourceType" : "Basic",
  "id" : "IMMZ.NFXNREQ.033",
  "meta" : {
    "profile" : ["http://smart.who.int/base/StructureDefinition/SGRequirements"]
  },
  "text" : {
    "status" : "generated",
    "div" : "<div xmlns=\"http://www.w3.org/1999/xhtml\"><p class=\"res-header-id\"><b>Generated Narrative: Requirements IMMZ.NFXNREQ.033</b></p><a name=\"IMMZ.NFXNREQ.033\"> </a><a name=\"hcIMMZ.NFXNREQ.033\"> </a><a name=\"IMMZ.NFXNREQ.033-en-US\"> </a><div style=\"display: inline-block; background-color: #d9e0e7; padding: 6px; margin: 4px; border: 1px solid #8da1b4; border-radius: 5px; line-height: 60%\"><p style=\"margin-bottom: 0px\"/><p style=\"margin-bottom: 0px\">Profile: <a href=\"https://build.fhir.org/ig/WorldHealthOrganization/smart-base/StructureDefinition-SGRequirements.html\">SGRequirements</a></p></div><table class=\"grid\"/></div>"
  },
  "extension" : [{
    "url" : "http://smart.who.int/base/StructureDefinition/SGcode",
    "valueCoding" : {
      "system" : "http://smart.who.int/dak-immz/CodeSystem/FXREQCategories",
      "code" : "Usability"
    }
  },
  {
    "url" : "http://hl7.org/fhir/5.0/StructureDefinition/extension-Requirements.url",
    "valueUri" : "http://smart.who.int/dak-immz/Requirements/IMMZ.NFXNREQ.033"
  },
  {
    "url" : "http://hl7.org/fhir/5.0/StructureDefinition/extension-Requirements.version",
    "valueString" : "1.1.1"
  },
  {
    "url" : "http://hl7.org/fhir/5.0/StructureDefinition/extension-Requirements.name",
    "valueString" : "Support ability to recalculate the immunization scheduled or provide clinical decision support in the event that the client does not receive vaccines on time or has contraindications to their administration"
  },
  {
    "url" : "http://hl7.org/fhir/5.0/StructureDefinition/extension-Requirements.title",
    "valueString" : "Support ability to recalculate the immunization scheduled or provide clinical decision support in the event that the client does not receive vaccines on time or has contraindications to their administration"
  },
  {
    "url" : "http://hl7.org/fhir/5.0/StructureDefinition/extension-Requirements.status",
    "valueCode" : "active"
  },
  {
    "url" : "http://hl7.org/fhir/5.0/StructureDefinition/extension-Requirements.experimental",
    "valueBoolean" : true
  },
  {
    "url" : "http://hl7.org/fhir/5.0/StructureDefinition/extension-Requirements.date",
    "valueDateTime" : "2025-04-23T09:09:02+00:00"
  },
  {
    "url" : "http://hl7.org/fhir/5.0/StructureDefinition/extension-Requirements.publisher",
    "valueString" : "WHO"
  },
  {
    "url" : "http://hl7.org/fhir/5.0/StructureDefinition/extension-Requirements.contact",
    "valueContactDetail" : {
      "name" : "WHO",
      "telecom" : [{
        "system" : "url",
        "value" : "http://who.int"
      }]
    }
  },
  {
    "url" : "http://hl7.org/fhir/5.0/StructureDefinition/extension-Requirements.description",
    "valueMarkdown" : "*Category*: Usability\nSupport ability to recalculate the immunization scheduled or provide clinical decision support in the event that the client does not receive vaccines on time or has contraindications to their administration"
  },
  {
    "url" : "http://hl7.org/fhir/5.0/StructureDefinition/extension-Requirements.jurisdiction"
  }],
  "code" : {
    "coding" : [{
      "system" : "http://hl7.org/fhir/fhir-types",
      "code" : "Requirements"
    }]
  }
}