<?xml version="1.0" encoding="UTF-8"?>

<ValueSet xmlns="http://hl7.org/fhir">
  <id value="FXREQCategories"/>
  <text>
    <status value="generated"/><div xmlns="http://www.w3.org/1999/xhtml"><p class="res-header-id"><b>Generated Narrative: ValueSet FXREQCategories</b></p><a name="FXREQCategories"> </a><a name="hcFXREQCategories"> </a><a name="FXREQCategories-en-US"> </a><ul><li>Include all codes defined in <a href="CodeSystem-FXREQCategories.html"><code>http://smart.who.int/dak-immz/CodeSystem/FXREQCategories</code></a></li></ul></div>
  </text>
  <url value="http://smart.who.int/dak-immz/ValueSet/FXREQCategories"/>
  <version value="1.1.1"/>
  <name value="FXREQCategories"/>
  <title value="Functional Requirement Categories"/>
  <status value="active"/>
  <experimental value="true"/>
  <date value="2025-04-23T09:09:02+00:00"/>
  <publisher value="WHO"/>
  <contact>
    <name value="WHO"/>
    <telecom>
      <system value="url"/>
      <value value="http://who.int"/>
    </telecom>
  </contact>
  <description value="Value Set for Functional Requirement Categories. Autogenerated from DAK artifacts"/>
  <compose>
    <include>
      <system value="http://smart.who.int/dak-immz/CodeSystem/FXREQCategories"/>
    </include>
  </compose>
</ValueSet>